Type,Name,Request Count,Failure Count,Median Response Time,Average Response Time,Min Response Time,Max Response Time,Average Content Size,Requests/s,Failures/s,50%,66%,75%,80%,90%,95%,98%,99%,99.9%,99.99%,99.999%,100%
GET,/learn/aws-deepracer/da3be7bddded41c0a293c5700f9e717f/,125,0,330,419.55549621582,270.214080810547,2052.35147476196,24567,1.35882831785484,0,330,360,380,390,500,1100,1300,1400,2100,2100,2100,2100
GET,/learn/introductiontoautonomousvehicles/756eac3fd24d43a6bab0ceba27836f25/,34,0,300,323.907459483427,269.778728485107,816.859245300293,23848,0.369601302456516,0,310,310,320,340,380,390,820,820,820,820,820,820
,Aggregated,159,0,320,399.102456914554,269.778728485107,2052.35147476196,24413.251572327,1.72842962031135,0,320,350,370,380,490,1100,1300,1400,2100,2100,2100,2100
